"Qty";"Value";"Device";"Package";"Parts";"Description";"MF";"MPN";"OC_FARNELL";"OC_NEWARK";"POPULARITY";"SPICEPREFIX";
"3";"";"10-XX";"B3F-10XX";"IRQ1_B, NMI_B, S1";"OMRON SWITCH";"";"B3F-1000";"176432";"36M3542";"72";"";
"1";"";"62256P";"DIL28-6";"IC2";"MEMORY";"";"";"unknown";"unknown";"1";"";
"1";"";"C-EU025-030X050";"C025-030X050";"C4";"CAPACITOR, European symbol";"";"";"";"";"14";"C";
"4";"";"C-EU050-035X075";"C050-035X075";"C6, C7, C11, C12";"CAPACITOR, European symbol";"";"";"";"";"2";"C";
"1";"";"G08R";"SIL9";"RN1";"SIL RESISTOR";"";"";"unknown";"unknown";"6";"";
"1";"";"IBM8BIT_ISASHORT";"APP_2X32_SHORT";"ST2";"8-bit CARD IBM/PC-AT";"";"";"";"";"";"";
"3";"";"LED5MM";"LED5MM";"IO_LED, IRQ_LED, RESET";"LED";"";"";"";"";"93";"";
"1";"";"PINHD-1X6/90";"1X06/90";"JP3";"PIN HEADER";"";"";"";"";"10";"";
"1";"";"SJ";"SJ";"SJ1";"SMD solder JUMPER";"";"";"";"";"33";"";
"1";"";"XO-14";"DIL14S";"QG2";"CRYSTAL";"";"";"unknown";"unknown";"0";"";
"2";"0R-JUMPA";"0R-JUMPA";"A0R-JMP";"ROM_1, ROM_27";"SMD 0R 0805 Jumper";"";"";"";"";"3";"";
"1";"1,8432MHz";"CRYSTALHC49S";"HC49/S";"Q1";"CRYSTAL";"";"";"1667008";"unknown";"49";"";
"3";"100n";"C-EU050-025X075";"C050-025X075";"C1, C2, C3";"CAPACITOR, European symbol";"";"";"";"";"";"";
"2";"22k";"R-EU_0207/10";"0207/10";"R8, R9";"RESISTOR, European symbol";"";"";"";"";"81";"R";
"5";"22k";"R-EU_0207/10";"0207/10";"R1, R2, R3, R4, R10";"RESISTOR, European symbol";"";"";"";"";"";"";
"3";"680R";"R-EU_0207/10";"0207/10";"R5, R6, R7";"RESISTOR, European symbol";"";"";"";"";"";"";
"1";"74HC148N";"74HC148N";"DIL16";"IC10";"10-line to 4-line and 8-line to 3-line PRIORITY ENCODER";"";"";"";"";"0";"";
"1";"74HCT574N";"74HCT574N";"DIL20";"IC11";"8-bit D type FLIP FLOP bus driver";"";"";"";"";"0";"";
"1";"AT28C256-28DIPZIF28-6";"AT28C256-28DIPZIF28-6";"228-1277-00-0602J";"U$1";"IC EEPROM 256KBIT 150NS 28DIP";"";"";"";"";"";"";
"1";"DS1813";"DS1813";"TO-92";"IC5";"";"";"";"";"";"";"";
"1";"DS1813";"DS1813SOT-223";"SOT223";"IC4";"";"";"";"";"";"";"";
"1";"GAL22V10";"GAL22V10";"DIL28_1";"U$2";"";"";"";"";"";"";"";
"1";"R6551";"R6551";"DIP-28";"U$4";"Rockwell R6551 ACIA";"";"";"";"";"";"";
"1";"W65C02SP";"W65C02SP";"DIP-40";"U1";"Western Digital  Version";"";"";"";"";"";"";
