"Qty";"Value";"Device";"Package";"Parts";"Description";"MF";"MPN";"OC_FARNELL";"OC_NEWARK";"POPULARITY";"SPICEPREFIX";
"12";"";"C-EU050-035X075";"C050-035X075";"C15, C16, C17, C18, C19, C20, C21, C22, C23, C24, C25, C26";"CAPACITOR, European symbol";"";"";"";"";"2";"C";
"2";"";"CPOL-EUE2.5-5";"E2,5-5";"C13, C14";"POLARIZED CAPACITOR, European symbol";"";"";"";"";"16";"C";
"1";"";"DIP08S";"DIP08S";"S1";"DIL/CODE SWITCH";"";"";"unknown";"unknown";"";"";
"1";"";"F15HDH";"HDF15H";"X1";"SUB-D";"";"";"unknown";"unknown";"3";"";
"1";"";"IBM8BIT_ISA";"IBM8BIT";"ST1";"8-bit CARD IBM/PC-AT";"";"";"";"";"";"";
"4";"";"LED3MM";"LED3MM";"LED1, LED2, LED3, LED4";"LED";"";"";"";"";"97";"";
"1";"";"PINHD-1X6/90";"1X06/90";"JP3";"PIN HEADER";"";"";"";"";"10";"";
"2";"";"PINHD-1X8";"1X08";"JP2, JP4";"PIN HEADER";"";"";"";"";"67";"";
"1";"";"PINHD-2X5";"2X05";"IRQ_SEL";"PIN HEADER";"";"";"";"";"35";"";
"1";"";"QG5860";"DIL14S";"QG1";"CRYSTAL RESONATOR";"";"";"unknown";"unknown";"0";"";
"3";"1k";"R-EU_0204/2V";"0204V";"R2, R5, R8";"RESISTOR, European symbol";"";"";"";"";"11";"R";
"4";"22k";"R-EU_0207/7";"0207/7";"R10, R11, R12, R13";"RESISTOR, European symbol";"";"";"";"";"46";"R";
"3";"2k";"R-EU_0204/2V";"0204V";"R3, R6, R9";"RESISTOR, European symbol";"";"";"";"";"11";"R";
"1";"470R";"G10R";"SIL11";"RN1";"SIL RESISTOR";"";"";"unknown";"unknown";"0";"";
"3";"500r";"R-EU_0204/2V";"0204V";"R1, R4, R7";"RESISTOR, European symbol";"";"";"";"";"11";"R";
"4";"820R";"R-EU_0207/2V";"0207/2V";"R14, R15, R16, R17";"RESISTOR, European symbol";"";"";"";"";"17";"R";
"1";"CPLD_JTAG";"CPLD_JTAG";"2X05";"JTAG";"";"";"";"";"";"";"";
"1";"CY62128ELL";"CY62128ELL";"SOIC32";"U$2";"";"";"";"";"";"";"";
"1";"EPM3256ATC144";"EPM3256ATC144";"TQFP144-BB";"U1";"Programmable Logic Device Family";"";"";"";"";"";"";
"1";"LB10";"LB10";"LB10";"DZ1";"LED BLOCK";"";"";"";"";"1";"";
"1";"REG1117";"REG1117";"SOT223";"IC2";"800mA and 1A Low Dropout (LDO) Positive Regulator";"";"REG1117";"1097566";"14P6981";"49";"";
"1";"SM77H";"SM77H";"SM77H";"QG2";"3.3V CMOS Clock Oscillator";"";"";"unknown";"unknown";"1";"";
