"Qty";"Value";"Device";"Package";"Parts";"Description";"MF";"MPN";"OC_FARNELL";"OC_NEWARK";"POPULARITY";"SPICEPREFIX";
"1";"";"10-XX";"B3F-10XX";"S1";"OMRON SWITCH";"";"B3F-1000";"176432";"36M3542";"72";"";
"1";"";"C-EU025-024X044";"C025-024X044";"C10";"CAPACITOR, European symbol";"";"";"";"";"56";"C";
"8";"";"C-EU050-024X044";"C050-024X044";"C1, C3, C4, C5, C6, C7, C8, C9";"CAPACITOR, European symbol";"";"";"";"";"33";"C";
"2";"";"CPOL-EUE2.5-5";"E2,5-5";"C13, C14";"POLARIZED CAPACITOR, European symbol";"";"";"";"";"16";"C";
"1";"";"CPOL-EUE3.5-8";"E3,5-8";"C2";"POLARIZED CAPACITOR, European symbol";"";"";"";"";"13";"C";
"1";"";"IBM8BIT_ISA";"APP_2X32_DOUBLE";"ST1";"8-bit CARD IBM/PC-AT";"";"";"";"";"";"";
"4";"";"ISA-SLOT";"ISA-8";"X1, X2, X3, X4";"ISA SLOT";"";"";"";"";"";"";
"5";"";"LED3MM";"LED3MM";"3V3, 5V, IO, RESET, RW";"LED";"";"";"";"";"97";"";
"1";"10k";"R-EU_0207/7";"0207/7";"R6";"RESISTOR, European symbol";"";"";"";"";"46";"R";
"4";"1k";"R-EU_0207/7";"0207/7";"R1, R2, R4, R5";"RESISTOR, European symbol";"";"";"";"";"46";"R";
"1";"680R";"R-EU_0207/7";"0207/7";"R3";"RESISTOR, European symbol";"";"";"";"";"46";"R";
"1";"DCJ0202";"DCJ0202";"DCJ0202";"J1";"DC POWER JACK";"";"";"unknown";"unknown";"17";"";
"1";"DS1233SOT223";"DS1233SOT223";"SOT223";"U$1";"";"";"";"";"";"";"";
"1";"DS1813";"DS1813";"TO-92";"IC5";"";"";"";"";"";"";"";
"1";"REG1117";"REG1117";"SOT223";"IC2";"800mA and 1A Low Dropout (LDO) Positive Regulator";"";"REG1117";"1097566";"14P6981";"49";"";
"1";"TL32PO";"TL32PO";"TL3XPO";"S3";"TINY SWITCH ON - MOM";"";"";"";"";"2";"";
